timestamp,device_id,temperature,humidity,air_quality_index,latitude,longitude,battery_level,status
2025-01-01 00:00:00,sensor_8201,-7.89,68.12,452,-52.498604,52.331399,73.61,Inactive
2025-01-01 00:08:00,sensor_9887,44.73,77.7,84,-30.129457,170.001885,42.49,Faulty
2025-01-01 00:16:00,sensor_9624,18.58,70.71,159,-29.251007,-46.58537,77.67,Inactive
2025-01-01 00:09:00,sensor_2852,-4.73,64.53,384,28.216681,-16.044519,25.81,Active
2025-01-01 00:36:00,sensor_7461,-7.93,39.12,185,33.118327,-105.256742,45.36,Active
2025-01-01 00:40:00,sensor_1574,19.53,57.71,145,-44.415278,-96.449553,85.19,Inactive
2025-01-01 00:06:00,sensor_3766,14.04,68.45,46,4.184221,-75.131988,66.28,Active
2025-01-01 00:56:00,sensor_7561,0.03,70.5,226,25.621511,-16.388433,39.34,Inactive
2025-01-01 01:04:00,sensor_8043,3.11,77.3,269,-38.101502,-32.205959,26.5,Active
2025-01-01 00:54:00,sensor_6494,20.66,57.04,129,-50.090076,104.941825,85.69,Faulty
2025-01-01 01:20:00,sensor_9454,-0.78,19.76,424,85.845626,-108.850801,37.79,Active
2025-01-01 00:22:00,sensor_9241,15.48,46.05,186,-71.668921,-137.607076,26.06,Inactive
2025-01-01 01:48:00,sensor_8473,22.46,27.31,64,1.499784,-116.130297,10.04,Faulty
2025-01-01 01:57:00,sensor_2458,3.45,19.74,459,89.759341,-150.652376,41.4,Active
2025-01-01 01:10:00,sensor_7589,20.74,34.87,76,-50.18399,28.060044,49.78,Faulty
2025-01-01 00:30:00,sensor_2133,22.75,40.91,272,7.037198,56.427967,54.37,Active
2025-01-01 00:48:00,sensor_5374,28.45,35.84,465,-58.625341,98.761585,60.91,Inactive
2025-01-01 00:17:00,sensor_1487,22.1,68.76,355,-69.075844,-109.806807,51.92,Inactive
2025-01-01 00:36:00,sensor_4991,42.86,82.91,491,-49.093437,103.000898,38.46,Inactive
2025-01-01 02:51:00,sensor_5472,-1.06,51.35,463,-75.873216,171.253143,47.9,Active
2025-01-01 03:00:00,sensor_1945,42.42,17.9,231,41.564846,-55.387446,35.71,Inactive
2025-01-01 00:42:00,sensor_6981,13.31,73.67,35,63.505597,74.680587,62.67,Inactive
2025-01-01 01:06:00,sensor_1542,40.44,60.77,413,33.443618,-47.800722,0.67,Inactive
2025-01-01 01:55:00,sensor_7707,3.64,41.92,356,68.127296,1.667706,90.58,Faulty
2025-01-01 03:36:00,sensor_3311,8.42,79.39,50,79.673903,-60.806286,26.47,Faulty
2025-01-01 03:20:00,sensor_2220,-0.41,73.29,302,-27.753607,-33.624626,67.58,Faulty
2025-01-01 01:18:00,sensor_6827,13.56,20.89,449,50.772657,97.420015,47.78,Faulty
2025-01-01 02:42:00,sensor_6620,14.54,15.37,352,-71.558353,9.68803,63.54,Active
2025-01-01 01:52:00,sensor_4970,-7.81,48.43,420,-41.816384,-34.599766,43.58,Faulty
2025-01-01 01:27:00,sensor_6349,6.02,46.14,85,-73.805899,-89.276262,69.15,Inactive
2025-01-01 03:00:00,sensor_9050,49.72,65.61,160,56.572897,-92.225975,17.2,Active
2025-01-01 05:10:00,sensor_6362,30.11,80.39,275,-83.613866,-26.511344,83.8,Inactive
2025-01-01 05:20:00,sensor_4834,36.71,56.46,273,53.020018,-53.529192,65.32,Faulty
2025-01-01 04:57:00,sensor_7945,-4.1,23.57,27,87.55749,174.40215,14.21,Faulty
2025-01-01 04:32:00,sensor_4520,-8.61,20.69,87,58.561531,-83.075522,89.04,Active
2025-01-01 05:50:00,sensor_6224,31.21,37.77,267,-84.643902,130.719317,16.93,Active
2025-01-01 00:36:00,sensor_3318,1.77,21.11,394,-1.548478,-99.696387,12.0,Active
2025-01-01 04:56:00,sensor_2232,39.64,62.44,475,-22.981212,4.860228,75.04,Active
2025-01-01 00:38:00,sensor_2797,39.15,79.66,87,10.220498,113.728039,18.14,Active
2025-01-01 05:51:00,sensor_5089,0.23,30.3,185,29.361335,148.994238,37.51,Inactive
2025-01-01 06:00:00,sensor_4594,-4.31,50.35,34,-79.277633,83.302678,46.16,Active
2025-01-01 05:28:00,sensor_4785,29.12,36.0,98,46.483272,-86.271229,4.88,Inactive
2025-01-01 07:00:00,sensor_5215,24.3,42.03,223,-4.55579,22.638491,14.22,Active
2025-01-01 02:52:00,sensor_5584,48.02,53.55,224,-28.975298,60.718124,38.02,Inactive
2025-01-01 00:44:00,sensor_1819,40.12,35.93,373,-33.8641,53.991191,65.93,Active
2025-01-01 00:45:00,sensor_1459,43.52,72.7,41,20.350297,-155.509407,96.15,Inactive
2025-01-01 06:08:00,sensor_6909,8.34,56.33,208,-77.989084,-128.159341,19.29,Faulty
2025-01-01 07:03:00,sensor_4457,1.92,78.65,448,-80.123558,32.820398,22.03,Inactive
2025-01-01 03:12:00,sensor_5718,-7.61,38.82,127,42.504123,106.656816,74.39,Active
2025-01-01 07:21:00,sensor_3780,2.07,15.76,200,-70.595211,-28.998759,35.93,Faulty
2025-01-01 05:00:00,sensor_5972,2.01,49.53,107,-69.571223,-60.8488,18.06,Inactive
2025-01-01 04:15:00,sensor_3040,25.22,27.74,194,-22.937188,68.701121,18.72,Faulty
2025-01-01 01:44:00,sensor_4020,18.93,62.72,404,-64.793198,-45.457185,87.83,Active
2025-01-01 00:53:00,sensor_8714,31.37,68.5,118,-80.040818,143.759593,54.25,Inactive
2025-01-01 07:12:00,sensor_7790,37.6,11.68,231,-38.299711,165.828198,2.32,Faulty
2025-01-01 00:55:00,sensor_9173,-0.72,39.22,185,89.06547,-105.267088,15.69,Inactive
2025-01-01 06:32:00,sensor_4222,40.12,85.75,320,-27.57972,115.50299,55.76,Faulty
2025-01-01 00:57:00,sensor_9861,11.19,49.87,56,-51.261481,-128.810592,62.72,Faulty
2025-01-01 06:46:00,sensor_1857,-8.6,29.71,49,-70.583159,99.369965,93.3,Faulty
2025-01-01 08:51:00,sensor_9400,25.56,72.47,92,48.782543,-109.633401,60.07,Inactive
2025-01-01 04:00:00,sensor_4512,19.35,65.22,494,-20.842023,-34.823785,52.53,Active
2025-01-01 01:01:00,sensor_1872,9.21,61.23,10,-2.606475,123.83955,10.26,Faulty
2025-01-01 02:04:00,sensor_2648,27.17,19.5,275,63.572312,-91.570296,51.01,Faulty
2025-01-01 04:12:00,sensor_5292,-9.4,63.97,331,-74.788765,-65.346372,3.79,Active
2025-01-01 01:04:00,sensor_1149,48.85,36.85,149,-80.11832,138.312387,29.85,Inactive
2025-01-01 06:30:00,sensor_5273,46.61,72.32,445,-2.225052,-150.708589,88.37,Faulty
2025-01-01 07:42:00,sensor_7320,2.17,34.06,498,32.548861,-128.823085,16.25,Inactive
2025-01-01 04:28:00,sensor_2586,13.17,70.88,156,-29.569285,-92.317722,95.67,Active
2025-01-01 06:48:00,sensor_7288,14.03,36.23,231,79.342737,138.647033,51.32,Active
2025-01-01 01:09:00,sensor_7368,20.47,27.18,76,-20.156747,-84.416642,37.94,Active
2025-01-01 04:40:00,sensor_7347,27.71,88.04,234,-85.684766,80.377859,38.7,Active
2025-01-01 11:50:00,sensor_9057,18.5,44.61,474,-32.730786,46.180937,72.98,Active
2025-01-01 02:24:00,sensor_3051,44.71,89.9,341,-24.056247,91.587063,24.99,Inactive
2025-01-01 01:13:00,sensor_9893,-1.97,19.53,244,40.02139,-16.715217,8.01,Inactive
2025-01-01 12:20:00,sensor_1897,30.91,37.75,183,38.404988,116.323287,98.97,Faulty
2025-01-01 11:15:00,sensor_2408,-6.81,39.51,374,66.082151,171.60595,54.17,Active
2025-01-01 12:40:00,sensor_2511,7.47,63.7,455,-14.365043,127.090803,57.15,Inactive
2025-01-01 05:08:00,sensor_2553,21.44,85.17,476,4.046766,-32.751334,36.02,Active
2025-01-01 07:48:00,sensor_3737,33.37,85.05,427,71.860302,-175.738989,14.48,Inactive
2025-01-01 09:13:00,sensor_9673,43.67,76.56,53,-75.874231,39.475362,99.48,Active
2025-01-01 10:40:00,sensor_5064,3.18,64.49,38,-1.758711,82.541536,33.72,Active
2025-01-01 13:30:00,sensor_6927,-2.8,61.75,340,-38.427796,144.498912,22.42,Faulty
2025-01-01 13:40:00,sensor_5816,43.92,64.59,380,-72.846146,163.267336,48.96,Active
2025-01-01 11:04:00,sensor_3624,4.84,67.99,323,-6.677199,102.600001,46.44,Faulty
2025-01-01 07:00:00,sensor_5815,34.08,37.22,313,46.914288,-144.994268,1.74,Inactive
2025-01-01 08:30:00,sensor_5624,-7.0,77.93,239,-27.364831,96.723707,25.32,Inactive
2025-01-01 12:54:00,sensor_5326,10.78,23.43,171,-8.789213,133.093073,62.47,Active
2025-01-01 02:54:00,sensor_3484,24.64,63.97,87,-73.381681,37.328401,83.15,Faulty
2025-01-01 13:12:00,sensor_9914,9.78,76.64,23,-31.330533,3.171046,38.12,Active
2025-01-01 08:54:00,sensor_4530,9.28,23.05,136,-14.379112,-13.651072,34.24,Inactive
2025-01-01 04:30:00,sensor_3326,24.12,58.9,235,-18.3187,-82.721693,72.47,Inactive
2025-01-01 07:35:00,sensor_3707,34.79,17.68,43,-24.031436,24.430963,97.45,Active
2025-01-01 13:48:00,sensor_3870,37.36,48.8,388,-5.290232,170.772054,56.23,Faulty
2025-01-01 10:51:00,sensor_4584,40.76,30.92,153,-43.466197,-79.158349,97.32,Inactive
2025-01-01 01:34:00,sensor_7471,37.42,24.69,226,29.593414,-61.579082,13.07,Faulty
2025-01-01 07:55:00,sensor_1494,47.87,85.57,314,-17.964643,136.078041,68.28,Active
2025-01-01 08:00:00,sensor_1434,-7.3,47.68,322,60.237086,83.362412,94.37,Faulty
2025-01-01 04:51:00,sensor_1723,33.21,45.16,472,0.747625,-94.304168,0.85,Faulty
2025-01-01 03:16:00,sensor_9428,-5.62,64.87,51,89.684302,-72.363803,33.56,Faulty
2025-01-01 06:36:00,sensor_6584,15.19,10.9,149,53.941375,-15.70239,71.65,Faulty
2025-01-01 15:00:00,sensor_5733,23.3,65.12,399,-52.605623,79.099121,66.17,Inactive
2025-01-01 01:41:00,sensor_1810,-3.36,67.5,255,-62.958284,-160.637179,89.46,Active
2025-01-01 08:30:00,sensor_7984,18.35,45.49,114,23.489192,-2.739468,95.57,Active
2025-01-01 06:52:00,sensor_8964,41.96,53.62,220,29.868856,160.227759,61.19,Active
2025-01-01 17:20:00,sensor_7112,-0.47,54.64,224,-67.782145,94.171094,36.83,Inactive
2025-01-01 15:45:00,sensor_7091,24.73,42.36,51,22.022384,38.552764,98.6,Inactive
2025-01-01 14:08:00,sensor_8760,20.83,26.76,230,-10.071863,-13.962568,79.37,Inactive
2025-01-01 01:47:00,sensor_4655,34.34,74.47,395,50.36213,-105.276751,18.4,Inactive
2025-01-01 14:24:00,sensor_5970,49.17,42.34,356,67.405142,-96.164564,79.43,Inactive
2025-01-01 07:16:00,sensor_3140,-4.13,19.41,358,-25.435379,-83.076844,75.57,Faulty
2025-01-01 18:20:00,sensor_5467,32.42,34.18,173,-2.12722,80.131012,43.94,Inactive
2025-01-01 03:42:00,sensor_6523,12.27,52.44,208,37.567056,128.914914,85.5,Active
2025-01-01 18:40:00,sensor_5107,46.15,61.41,392,20.96178,-41.221138,70.62,Active
2025-01-01 01:53:00,sensor_3980,13.53,47.63,392,-55.755996,-94.978983,27.88,Faulty
2025-01-01 19:00:00,sensor_4768,34.24,14.83,328,-3.25048,-117.575196,29.99,Faulty
2025-01-01 05:45:00,sensor_3808,-3.06,33.94,300,27.030211,179.746675,93.41,Faulty
2025-01-01 15:28:00,sensor_5188,37.8,24.69,357,77.297425,-166.764568,74.78,Inactive
2025-01-01 13:39:00,sensor_2857,34.49,85.91,346,-4.863796,132.303506,61.43,Faulty
2025-01-01 07:52:00,sensor_8738,31.75,31.9,208,89.600584,172.909849,66.43,Inactive
2025-01-01 13:53:00,sensor_1691,2.71,45.64,1,10.043188,10.100334,74.78,Faulty
2025-01-01 16:00:00,sensor_5407,12.72,58.94,115,85.70522,-86.2888,34.83,Inactive
2025-01-01 14:07:00,sensor_7176,-2.34,58.16,212,-70.541529,161.481012,49.06,Active
2025-01-01 16:16:00,sensor_8321,27.9,39.36,485,-26.524072,102.896694,22.03,Active
2025-01-01 02:03:00,sensor_9035,25.91,36.96,123,-45.648011,-56.482932,51.87,Inactive
2025-01-01 08:16:00,sensor_3367,35.93,64.32,440,34.16077,-37.006571,10.73,Faulty
2025-01-01 04:10:00,sensor_3965,47.6,10.61,374,-35.608492,-170.598061,82.77,Active
2025-01-01 06:18:00,sensor_5510,18.93,72.19,150,-24.359229,-7.503722,93.45,Active
2025-01-01 16:56:00,sensor_9495,44.81,89.35,427,-28.954617,52.455114,19.39,Active
2025-01-01 02:08:00,sensor_9445,46.23,65.07,146,-73.934795,168.94335,9.64,Faulty
2025-01-01 06:27:00,sensor_1059,14.3,55.01,92,68.51601,160.277011,81.27,Active
2025-01-01 08:40:00,sensor_3395,37.17,87.49,283,-84.308713,135.653923,58.91,Active
2025-01-01 19:39:00,sensor_6536,-8.51,31.41,157,-32.532361,-155.074286,3.66,Faulty
2025-01-01 04:24:00,sensor_2303,3.68,44.91,313,24.881901,81.803196,14.51,Active
2025-01-01 04:26:00,sensor_7895,9.09,14.48,276,-35.957464,13.939012,38.59,Inactive
2025-01-01 13:24:00,sensor_5164,30.31,86.36,364,-79.315323,124.963492,24.3,Faulty
2025-01-01 11:15:00,sensor_9904,43.72,25.77,298,82.21142,-169.180896,64.11,Active
2025-01-01 04:32:00,sensor_8318,46.49,55.02,105,-40.292605,37.763691,93.15,Inactive
2025-01-01 20:33:00,sensor_2977,15.44,47.97,109,-46.978388,99.945925,25.54,Faulty
2025-01-01 09:12:00,sensor_7095,24.65,53.61,65,70.656643,-2.51993,64.3,Active
2025-01-01 23:10:00,sensor_1200,8.94,70.23,323,44.517036,71.881382,96.96,Faulty
2025-01-01 16:20:00,sensor_1055,7.99,13.01,59,25.578162,127.865028,67.76,Active
2025-01-01 21:09:00,sensor_4384,1.96,60.19,375,74.56773,-113.281804,1.19,Active
2025-01-01 14:12:00,sensor_5352,-8.22,34.9,470,35.05692,21.476864,86.69,Faulty
2025-01-01 07:09:00,sensor_7194,34.3,81.05,264,16.657966,96.739178,81.45,Faulty
2025-01-01 21:36:00,sensor_7153,22.58,14.06,191,83.111138,-109.789422,51.22,Faulty
2025-01-01 12:05:00,sensor_2268,37.52,81.2,76,-46.307378,-34.294517,29.17,Faulty
2025-01-01 19:28:00,sensor_8983,8.24,79.43,405,-42.685429,-43.571431,3.24,Active
2025-01-01 04:54:00,sensor_9611,40.11,51.1,455,-7.051915,-130.093899,14.35,Faulty
2025-01-01 04:56:00,sensor_9642,31.49,17.59,460,61.930095,-123.550887,59.35,Faulty
2025-01-01 12:25:00,sensor_5002,39.7,20.28,208,60.085348,-148.397058,94.63,Inactive
2025-01-01 07:30:00,sensor_4485,7.21,52.43,234,-74.797571,72.473014,24.35,Faulty
2025-01-01 12:35:00,sensor_5964,-3.13,70.92,365,64.102847,82.116821,48.52,Active
2025-01-01 02:32:00,sensor_6130,5.9,63.7,187,-32.979517,-170.488937,76.3,Faulty
2025-01-01 10:12:00,sensor_7567,7.15,15.81,27,-82.864562,-177.576219,25.4,Inactive
2025-01-01 02:34:00,sensor_7033,30.24,48.61,395,-55.36768,105.833914,19.84,Inactive
2025-01-01 02:35:00,sensor_1916,40.03,30.8,409,-29.126076,-94.955278,48.66,Faulty
2025-01-01 13:00:00,sensor_3069,3.8,65.81,364,89.653492,29.222379,90.99,Inactive
2025-01-01 20:56:00,sensor_5871,14.12,25.1,152,-60.866342,106.430706,46.48,Active
2025-01-01 23:42:00,sensor_3280,19.39,35.65,277,-29.578712,101.930221,97.37,Inactive
2025-01-01 18:33:00,sensor_9572,31.46,51.01,251,-78.41639,-102.021719,33.58,Faulty
2025-01-01 13:20:00,sensor_1907,30.17,72.43,381,-24.488109,-60.421894,2.22,Inactive
2025-01-01 08:03:00,sensor_1717,17.68,38.59,213,-51.949263,-158.092695,77.36,Active
2025-01-01 08:06:00,sensor_4447,6.06,71.0,129,60.917987,92.180192,94.82,Active
2025-01-01 02:43:00,sensor_9401,17.15,58.83,194,1.398968,119.423498,73.52,Faulty
2025-01-02 00:36:00,sensor_8905,45.31,27.04,353,-44.997012,-20.837705,69.87,Faulty
2025-01-01 11:00:00,sensor_3425,-6.42,68.97,370,60.938865,-140.956952,37.87,Faulty
2025-01-01 11:04:00,sensor_9015,26.62,37.2,138,52.12477,-3.6335,32.25,Inactive
2025-01-01 08:21:00,sensor_5443,48.91,42.68,227,23.526712,-49.692604,48.51,Faulty
2025-01-01 05:36:00,sensor_1978,44.78,68.1,141,26.180922,-82.724563,42.2,Active
2025-01-01 02:49:00,sensor_3391,-9.73,77.79,131,-66.58791,122.364928,12.3,Active
2025-01-01 19:50:00,sensor_3483,15.06,76.86,195,-66.478989,-16.989828,69.84,Inactive
2025-01-02 04:30:00,sensor_6189,2.37,15.44,345,-12.819398,-71.494699,75.17,Faulty
2025-01-01 22:56:00,sensor_8129,26.7,36.63,63,27.889725,-154.25208,58.31,Inactive
2025-01-01 23:04:00,sensor_6981,10.92,39.51,378,-19.562237,-86.470706,91.31,Active
2025-01-01 23:12:00,sensor_3624,-1.19,39.88,304,46.897975,151.80125,93.43,Inactive
2025-01-02 02:15:00,sensor_7612,-0.64,17.46,371,-65.246647,61.307674,45.13,Faulty
2025-01-01 08:48:00,sensor_4270,43.86,69.61,468,-12.196943,158.535614,31.45,Active
2025-01-01 05:54:00,sensor_2528,13.64,70.21,175,69.446799,-141.555522,79.99,Faulty
2025-01-01 17:48:00,sensor_8985,10.57,12.51,322,71.976443,-106.738168,7.79,Faulty
2025-01-02 05:50:00,sensor_1945,33.75,22.82,411,47.70209,11.654869,23.87,Faulty
2025-01-01 18:00:00,sensor_9727,35.49,40.38,83,22.695098,-175.463527,59.63,Active
2025-01-01 12:04:00,sensor_3809,37.63,35.07,456,-1.837751,-106.685085,9.34,Inactive
2025-01-02 06:20:00,sensor_3245,1.91,19.64,99,17.355643,157.23921,13.6,Active
2025-01-01 06:06:00,sensor_1569,47.06,60.86,398,-72.401614,-31.462136,13.12,Inactive
2025-01-01 15:20:00,sensor_4430,21.28,56.99,28,-86.274164,-47.928483,92.39,Faulty
2025-01-02 03:45:00,sensor_2750,7.63,11.33,103,-49.073172,12.282733,11.09,Faulty
2025-01-01 21:42:00,sensor_7588,8.25,39.09,237,78.159931,-108.450962,80.54,Inactive
2025-01-02 00:56:00,sensor_8179,17.75,52.42,252,-55.243236,-71.834206,66.19,Faulty
2025-01-02 04:12:00,sensor_3005,24.28,24.91,126,-46.968285,-153.881129,83.47,Active
2025-01-01 09:27:00,sensor_6156,29.67,18.85,4,-55.589099,139.672832,2.18,Faulty
2025-01-01 06:20:00,sensor_8987,3.06,69.66,340,12.579403,80.450509,62.35,Inactive
2025-01-01 22:17:00,sensor_8885,38.12,49.3,156,-31.13821,-16.496612,41.08,Active
2025-01-01 03:12:00,sensor_5559,19.12,52.85,26,46.683866,-175.386302,40.08,Faulty
2025-01-01 03:13:00,sensor_7336,40.86,58.56,98,63.85526,-143.115152,5.44,Faulty
2025-01-02 08:20:00,sensor_9572,38.22,32.74,2,-34.984699,65.99698,8.96,Inactive
2025-01-02 02:00:00,sensor_1100,20.92,27.13,309,8.258542,-177.182186,9.46,Active
2025-01-01 13:04:00,sensor_5891,-4.65,35.49,498,19.114465,-58.029208,45.8,Faulty
2025-01-01 13:08:00,sensor_7733,49.55,44.94,345,63.521866,163.28707,39.5,Active
2025-01-02 02:24:00,sensor_8736,44.35,27.23,316,80.833922,96.670099,37.51,Active
2025-01-02 09:10:00,sensor_1982,0.13,32.91,309,47.247853,-47.829607,35.59,Inactive
2025-01-02 02:40:00,sensor_8306,18.33,36.58,342,43.5532,34.582682,17.04,Inactive
2025-01-01 20:06:00,sensor_4293,5.76,48.0,261,-30.776199,-54.862744,87.15,Faulty
2025-01-01 13:28:00,sensor_2986,27.76,63.78,90,-0.746673,11.383139,48.65,Active
2025-01-02 03:04:00,sensor_5413,8.88,49.42,433,-68.335979,-133.132593,42.54,Active
2025-01-01 20:24:00,sensor_9095,28.62,43.25,55,-10.408114,-83.221286,9.32,Faulty
2025-01-02 06:45:00,sensor_7031,14.3,70.34,256,-74.219948,-47.591085,74.3,Inactive
2025-01-01 10:18:00,sensor_8469,19.0,87.77,472,65.787367,118.62674,7.38,Active
2025-01-01 10:21:00,sensor_3421,-2.93,23.02,212,24.174343,-30.798284,20.66,Inactive
2025-01-02 10:40:00,sensor_1265,41.49,68.47,117,-20.417964,79.275142,57.51,Inactive
2025-01-02 03:52:00,sensor_4249,46.31,49.58,244,10.524907,-176.396672,44.29,Faulty
2025-01-01 07:00:00,sensor_4877,47.77,24.09,476,-70.057253,84.581049,7.05,Faulty
2025-01-01 07:02:00,sensor_3713,14.18,52.11,76,74.053208,-163.147469,53.93,Inactive
2025-01-01 14:08:00,sensor_4058,3.68,26.69,219,43.474996,49.129579,87.64,Inactive
2025-01-02 11:30:00,sensor_4914,43.04,33.99,36,-1.54148,-20.214344,5.33,Faulty
2025-01-02 08:06:00,sensor_7045,41.45,56.31,422,-71.565295,28.353854,18.48,Faulty
2025-01-02 01:05:00,sensor_3465,7.85,48.37,307,-73.452528,96.882902,24.68,Inactive
2025-01-02 12:00:00,sensor_9979,-1.1,72.45,31,32.16574,-40.825184,67.37,Inactive
2025-01-02 01:19:00,sensor_9357,48.13,86.07,368,38.249644,-54.127986,56.82,Inactive
2025-01-01 21:48:00,sensor_2480,4.35,30.65,15,74.07333,24.8882,28.22,Inactive
2025-01-02 05:12:00,sensor_9510,-8.05,88.67,401,-24.190382,-23.072779,72.6,Inactive
2025-01-01 11:00:00,sensor_5722,45.51,47.47,397,-54.631748,-45.687965,44.67,Faulty
2025-01-01 14:44:00,sensor_5921,23.75,30.73,142,-42.514375,63.610237,28.05,Inactive
2025-01-01 03:42:00,sensor_7548,22.56,68.49,418,-85.033012,-29.222231,40.0,Inactive
2025-01-01 18:35:00,sensor_9663,32.92,72.71,297,40.79562,46.246267,88.86,Active
2025-01-02 02:08:00,sensor_3970,43.86,46.13,317,83.544539,14.137613,38.73,Inactive
2025-01-01 15:00:00,sensor_5569,5.58,13.43,332,-85.113705,-139.905836,92.37,Inactive
2025-01-02 09:54:00,sensor_4036,6.28,85.89,208,38.2301,-55.773557,98.5,Faulty
2025-01-01 07:34:00,sensor_1577,35.39,21.03,370,-12.554119,-60.107567,60.74,Faulty
2025-01-02 14:00:00,sensor_4235,25.16,79.28,56,33.943321,-57.536253,99.12,Inactive
2025-01-02 10:21:00,sensor_4107,44.22,76.58,446,47.801147,128.415277,26.97,Faulty
2025-01-01 07:40:00,sensor_1432,15.01,34.45,297,27.686018,-120.323608,83.61,Active
2025-01-01 11:33:00,sensor_6694,-0.74,85.06,469,-86.485443,-14.001147,43.85,Inactive
2025-01-01 15:28:00,sensor_5578,29.39,76.04,113,85.029441,52.476147,75.61,Faulty
2025-01-02 10:57:00,sensor_1808,11.83,53.14,207,6.445817,178.697495,56.64,Active
2025-01-01 23:24:00,sensor_3013,48.75,58.83,56,-44.949335,137.472593,18.82,Faulty
2025-01-01 15:40:00,sensor_4942,6.56,62.57,371,-22.919204,8.585527,16.07,Inactive
2025-01-02 15:20:00,sensor_5752,32.84,23.22,392,49.288694,11.779394,17.28,Inactive
2025-01-01 23:42:00,sensor_9148,29.75,57.3,332,80.650238,78.685855,0.77,Faulty
2025-01-01 07:56:00,sensor_9919,2.06,20.96,130,-40.299245,-55.110263,79.68,Inactive
2025-01-01 11:57:00,sensor_8519,48.91,88.1,498,27.626643,-154.954829,17.42,Active
2025-01-01 04:00:00,sensor_9426,45.11,58.38,305,-41.390337,-84.594966,46.31,Faulty
2025-01-01 08:02:00,sensor_2147,31.67,56.69,266,-77.39605,-133.97892,82.15,Faulty
2025-01-02 16:20:00,sensor_8121,41.92,10.27,375,29.150783,20.913169,29.64,Faulty
2025-01-02 16:30:00,sensor_5418,17.62,87.64,405,88.74455,114.958087,83.82,Faulty
2025-01-01 08:08:00,sensor_2615,24.02,53.09,346,-34.163079,-102.598198,82.51,Active
2025-01-01 04:05:00,sensor_5294,-8.29,55.97,472,32.298484,71.78519,11.83,Active
2025-01-01 04:06:00,sensor_4072,33.07,61.39,137,-0.712602,72.492712,98.78,Active
2025-01-02 17:10:00,sensor_5986,40.26,84.91,451,16.552873,31.203535,36.42,Faulty
2025-01-01 12:24:00,sensor_1339,26.91,36.35,89,74.255091,-131.252151,6.69,Inactive
2025-01-02 13:21:00,sensor_3073,43.52,50.05,242,-64.417702,97.607917,81.52,Inactive
2025-01-02 17:40:00,sensor_5201,44.04,23.61,71,69.144989,49.560718,60.68,Active
2025-01-01 20:55:00,sensor_8721,6.06,74.36,191,-53.001582,-164.461146,97.71,Faulty
2025-01-01 08:24:00,sensor_8172,37.77,39.51,414,87.017277,-116.517427,68.16,Inactive
2025-01-02 13:57:00,sensor_3135,42.46,83.79,167,71.246771,-67.795549,12.02,Active
2025-01-02 18:20:00,sensor_9467,-8.15,18.93,203,-2.753059,114.019659,40.96,Faulty
2025-01-02 18:30:00,sensor_5867,29.82,12.4,294,-5.449145,-49.198697,69.23,Active
2025-01-02 18:40:00,sensor_3078,13.83,89.42,217,-70.432487,-63.237152,75.33,Inactive
2025-01-01 12:51:00,sensor_1062,26.97,66.99,151,-1.713444,176.399448,49.92,Active
2025-01-02 01:48:00,sensor_5075,5.97,38.43,266,-12.861864,0.171608,7.81,Inactive
2025-01-01 17:16:00,sensor_6985,39.53,76.58,418,-54.836739,178.715703,31.91,Inactive
2025-01-02 02:00:00,sensor_6457,11.21,12.61,96,58.920513,20.484768,85.38,Faulty
2025-01-01 04:21:00,sensor_6723,33.55,82.14,338,89.612675,-172.626435,42.96,Inactive
2025-01-02 06:34:00,sensor_1567,1.73,80.79,125,36.515145,73.35515,22.94,Inactive
2025-01-02 15:27:00,sensor_6957,32.09,28.43,153,-79.861674,-113.683532,64.33,Active
2025-01-01 22:00:00,sensor_4870,7.91,60.67,247,89.176079,-174.488715,67.54,Inactive
2025-01-01 08:50:00,sensor_3500,46.98,80.71,43,16.627542,19.467613,24.16,Faulty
2025-01-02 11:28:00,sensor_3161,4.97,11.34,435,40.827722,-54.674069,88.54,Faulty
2025-01-01 17:48:00,sensor_9672,-8.01,38.78,250,70.299156,-19.276396,89.28,Faulty
2025-01-02 11:44:00,sensor_7690,40.32,77.34,217,2.700095,-13.611062,32.1,Faulty
2025-01-01 04:29:00,sensor_1800,-0.04,69.83,289,-77.131699,106.63356,69.4,Inactive
2025-01-02 12:00:00,sensor_9328,46.28,63.44,286,-66.032041,-162.470938,59.06,Faulty
2025-01-02 21:10:00,sensor_7567,10.11,19.98,120,46.955417,176.148018,62.78,Active
2025-01-01 04:32:00,sensor_1299,10.26,55.77,15,15.248703,-10.901917,79.78,Active
2025-01-01 22:45:00,sensor_1284,24.0,50.82,17,82.583102,112.678799,92.6,Active
2025-01-01 18:16:00,sensor_3107,39.46,42.67,176,-0.919872,115.04928,80.66,Faulty
2025-01-01 18:20:00,sensor_5304,-6.12,57.8,36,-46.513549,-78.177482,27.51,Active
2025-01-01 18:24:00,sensor_7880,12.03,60.81,446,84.516307,-7.219545,92.15,Active
2025-01-02 03:42:00,sensor_6896,12.38,11.76,362,28.912333,9.337163,66.93,Active
2025-01-02 13:04:00,sensor_2317,47.07,72.98,278,-25.222849,-138.544427,68.7,Inactive
2025-01-02 17:51:00,sensor_3791,-1.9,84.76,257,74.359674,-78.382819,17.11,Active
2025-01-02 18:00:00,sensor_2636,6.9,22.41,314,4.979314,133.44583,31.39,Faulty
2025-01-02 04:06:00,sensor_3412,48.79,43.58,279,-10.071821,-99.614892,88.74,Active
2025-01-02 13:36:00,sensor_6066,46.44,42.02,140,69.820731,-165.669688,5.73,Inactive
2025-01-01 14:09:00,sensor_9470,34.04,21.04,206,-17.062951,-96.723045,88.55,Active
2025-01-02 04:24:00,sensor_1653,-6.75,68.79,431,88.437162,-134.656166,32.98,Faulty
2025-01-01 14:15:00,sensor_9878,28.24,14.23,164,31.779162,124.999539,79.76,Faulty
2025-01-01 09:32:00,sensor_4182,7.04,23.98,155,87.350708,-174.716767,72.18,Inactive
2025-01-02 04:42:00,sensor_4392,-7.78,35.63,324,13.423465,146.506617,59.28,Inactive
2025-01-01 14:24:00,sensor_8206,2.26,73.73,32,-37.499132,-67.443843,40.08,Active
2025-01-02 09:43:00,sensor_2730,8.95,19.89,418,-51.568624,162.599433,4.15,Inactive
2025-01-02 05:00:00,sensor_2481,35.83,30.75,47,-38.613492,101.560357,63.61,Inactive
2025-01-01 04:51:00,sensor_2757,13.19,17.83,258,82.948665,2.086068,65.07,Inactive
2025-01-01 04:52:00,sensor_6025,-5.46,47.37,108,-10.448217,61.332059,83.01,Faulty
2025-01-01 14:39:00,sensor_9328,14.12,46.34,31,86.513826,-62.466684,61.03,Inactive
2025-01-03 01:00:00,sensor_1489,45.57,42.74,389,1.437019,-52.819256,86.51,Inactive
2025-01-02 10:25:00,sensor_8266,7.29,81.01,483,-76.286085,-88.918204,62.73,Faulty
2025-01-01 19:44:00,sensor_9207,44.62,60.59,256,-73.179945,-153.122047,20.7,Faulty
2025-01-02 05:42:00,sensor_5886,29.72,37.95,367,9.906609,-114.415547,78.46,Active
2025-01-02 15:44:00,sensor_6330,31.11,51.48,464,-20.728113,88.255165,83.48,Active
2025-01-01 19:56:00,sensor_2643,-7.44,27.59,241,-8.072314,-35.565017,49.93,Faulty
2025-01-01 20:00:00,sensor_8589,13.59,74.9,391,-15.318989,-42.439512,71.31,Inactive
2025-01-01 05:01:00,sensor_4030,44.28,78.8,229,7.423167,41.831393,31.54,Faulty
2025-01-02 06:12:00,sensor_4729,21.72,72.96,468,-29.020816,-14.584371,49.98,Active
2025-01-01 10:06:00,sensor_8604,30.57,50.03,32,39.782791,-121.300078,38.82,Active
2025-01-01 10:08:00,sensor_6716,4.94,15.89,302,50.641307,161.309632,61.93,Faulty
2025-01-01 20:20:00,sensor_3027,-1.1,79.77,165,-12.12653,-73.712544,92.49,Faulty
2025-01-02 11:42:00,sensor_3998,-3.15,27.86,178,-62.233818,63.072588,43.49,Faulty
2025-01-01 05:07:00,sensor_3112,44.04,36.62,99,36.618501,14.815503,56.37,Faulty
2025-01-02 17:04:00,sensor_1331,36.4,36.65,94,-16.945993,-17.970275,81.75,Active
2025-01-01 10:18:00,sensor_1584,34.86,48.7,56,10.773658,97.919615,7.54,Active
2025-01-01 05:10:00,sensor_2753,20.74,30.7,256,50.931585,-84.401762,4.24,Faulty
2025-01-02 07:06:00,sensor_3442,18.83,67.23,110,21.971209,131.369395,93.98,Faulty
2025-01-03 04:00:00,sensor_8282,28.37,46.34,59,-46.571775,-53.148092,6.79,Faulty
2025-01-01 15:39:00,sensor_9064,2.66,13.15,295,13.883584,175.637961,76.63,Active
2025-01-01 10:28:00,sensor_3818,36.84,67.75,377,-5.552151,109.739286,41.76,Inactive
2025-01-01 21:00:00,sensor_9560,14.66,32.77,404,29.697633,-99.280943,8.95,Faulty
2025-01-02 02:20:00,sensor_5532,42.19,66.51,235,-46.775146,-62.364516,11.82,Inactive
2025-01-02 23:33:00,sensor_6731,38.39,53.15,411,83.47378,145.516542,36.94,Faulty
2025-01-03 05:00:00,sensor_5389,45.26,69.08,52,81.526289,26.379002,61.36,Active
2025-01-01 21:16:00,sensor_7004,9.48,71.19,231,11.589825,-65.222912,16.43,Active
2025-01-03 05:20:00,sensor_2359,38.77,70.15,367,8.440313,-101.833086,34.59,Active
2025-01-01 10:42:00,sensor_1636,36.45,75.42,257,-48.817813,-72.63853,50.59,Active
2025-01-02 18:56:00,sensor_5255,41.82,17.27,376,-67.424643,-29.141594,51.71,Active
2025-01-03 05:50:00,sensor_6638,43.05,63.91,378,-14.638377,-94.068656,98.3,Faulty
2025-01-03 00:36:00,sensor_5319,32.13,54.93,196,-44.728711,-82.003295,60.04,Faulty
2025-01-01 16:15:00,sensor_9480,-4.51,40.22,243,-39.686267,-72.749816,78.25,Inactive
2025-01-03 00:54:00,sensor_9876,47.21,46.08,446,72.813094,-67.646216,5.03,Faulty
2025-01-03 01:03:00,sensor_1245,43.13,37.35,95,75.806922,-105.487248,11.79,Active
2025-01-01 10:56:00,sensor_9907,13.38,24.63,196,-2.854401,-65.367597,67.15,Faulty
2025-01-01 10:58:00,sensor_5439,17.04,17.5,401,8.332536,11.854921,59.44,Faulty
2025-01-02 14:30:00,sensor_9419,18.65,70.47,41,17.769293,-116.211304,10.81,Inactive
2025-01-03 07:10:00,sensor_4563,-7.71,64.52,407,-34.089104,-27.698209,50.96,Inactive
2025-01-03 07:20:00,sensor_5356,48.96,64.43,47,-48.491654,82.879026,81.98,Inactive
2025-01-02 09:18:00,sensor_5963,49.46,65.95,492,16.472421,104.742408,97.27,Active
2025-01-01 05:34:00,sensor_9962,8.08,62.1,34,2.059818,-130.369711,11.32,Active
2025-01-01 11:10:00,sensor_7691,41.0,46.09,428,11.243344,-63.858991,7.19,Inactive
2025-01-01 22:24:00,sensor_1143,-1.02,31.03,189,-22.531165,63.811369,74.01,Active
2025-01-03 08:10:00,sensor_7595,23.03,83.11,143,-26.170643,-149.5617,39.98,Faulty
2025-01-02 15:26:00,sensor_8824,48.65,22.1,471,25.366333,23.027931,66.32,Active
2025-01-01 22:36:00,sensor_2461,40.27,62.17,147,53.580704,26.273855,75.61,Faulty
2025-01-01 22:40:00,sensor_7899,41.27,32.45,322,-31.838716,-103.390415,81.22,Inactive
2025-01-02 10:06:00,sensor_5420,34.36,54.96,406,61.635245,-150.564085,19.16,Active
2025-01-01 11:24:00,sensor_1717,32.11,88.39,276,79.926695,77.113427,79.73,Active
2025-01-01 22:52:00,sensor_6303,42.77,70.65,236,60.851617,163.217731,30.82,Active
2025-01-02 04:40:00,sensor_8776,16.26,14.84,470,-80.605262,-129.60026,4.93,Active
2025-01-03 03:45:00,sensor_8002,9.3,11.6,325,-89.447592,-82.765451,15.27,Inactive
2025-01-01 17:18:00,sensor_9865,-1.9,11.75,433,-53.0616,62.810408,46.24,Active
2025-01-03 09:50:00,sensor_8624,41.19,40.22,405,29.862065,-50.712322,20.28,Faulty
2025-01-02 10:48:00,sensor_3872,34.52,38.8,430,70.063026,-17.210689,23.83,Inactive
2025-01-01 11:38:00,sensor_9136,-5.16,37.62,435,38.403826,-72.131195,27.01,Faulty
2025-01-02 22:40:00,sensor_4038,12.52,41.85,394,60.807711,32.189103,23.69,Faulty
2025-01-03 04:39:00,sensor_3328,36.85,39.42,352,87.1687,44.922198,39.0,Active
2025-01-01 11:44:00,sensor_9787,21.47,62.67,117,-46.718257,-75.888908,60.57,Inactive
2025-01-03 10:50:00,sensor_6691,-2.02,61.12,76,-64.427383,148.713717,83.3,Active
2025-01-01 17:42:00,sensor_3502,-4.93,77.58,143,56.769735,-47.046912,39.36,Faulty
2025-01-02 11:30:00,sensor_6138,26.01,62.1,172,-89.570649,107.509822,77.58,Active
2025-01-02 23:28:00,sensor_3073,-7.6,45.88,483,-69.228507,83.982423,39.27,Inactive
2025-01-01 05:57:00,sensor_6503,27.29,63.56,391,-60.177541,76.620619,5.17,Active
2025-01-02 11:48:00,sensor_9296,-0.41,20.5,79,26.601746,-132.351091,62.14,Inactive
2025-01-02 11:54:00,sensor_8567,39.63,72.76,26,-80.434165,63.811813,94.45,Active
2025-01-01 18:00:00,sensor_3385,34.35,88.73,447,-46.733587,48.468175,40.22,Active
2025-01-01 18:03:00,sensor_1650,29.39,11.56,385,83.542673,127.302879,96.54,Faulty
2025-01-02 18:14:00,sensor_9458,38.14,50.28,311,-24.800439,-79.662106,80.98,Inactive
2025-01-02 18:21:00,sensor_2295,4.79,42.31,200,-34.313276,-125.686334,91.27,Inactive
2025-01-02 06:20:00,sensor_7263,4.4,26.55,484,-30.224592,56.105489,4.0,Faulty
2025-01-02 06:25:00,sensor_2451,1.3,32.68,84,-19.345466,111.59395,2.84,Faulty
2025-01-03 13:00:00,sensor_9235,23.34,56.38,121,33.92841,-139.874386,98.6,Active
2025-01-01 18:21:00,sensor_8158,17.3,32.19,412,-51.960449,87.11665,42.96,Faulty
2025-01-02 06:40:00,sensor_2897,-3.66,35.4,100,-20.473843,161.386251,88.97,Active
2025-01-03 01:12:00,sensor_4331,35.36,53.74,88,88.252964,62.422322,56.62,Inactive
2025-01-01 12:20:00,sensor_8610,-6.55,11.41,6,65.339881,-8.823982,50.75,Inactive
2025-01-02 06:55:00,sensor_5142,23.18,77.39,493,61.258266,138.762825,68.84,Faulty
2025-01-03 07:48:00,sensor_9983,2.0,25.52,185,-46.357608,24.925561,93.23,Active
2025-01-03 14:10:00,sensor_2805,-5.93,12.71,62,-45.960607,136.846509,8.37,Inactive
2025-01-02 00:56:00,sensor_3997,3.12,54.32,100,2.986354,-81.228049,66.2,Active
2025-01-02 07:15:00,sensor_9580,17.96,65.03,497,-48.041929,131.248399,92.15,Inactive
2025-01-03 02:08:00,sensor_5830,3.82,21.63,234,-50.033149,32.951479,94.68,Inactive
2025-01-01 06:17:00,sensor_5820,-1.05,62.44,248,-10.826522,-23.484167,50.07,Inactive
2025-01-02 13:48:00,sensor_7447,29.25,52.06,117,79.856491,-84.464848,71.76,Faulty
2025-01-02 13:54:00,sensor_9841,27.77,72.05,273,-67.487197,37.005554,74.43,Active
2025-01-03 02:40:00,sensor_7097,-2.88,28.48,380,-74.811811,-107.279742,35.37,Active
2025-01-01 12:42:00,sensor_3575,-0.27,11.79,383,30.916447,-154.983463,50.95,Faulty
2025-01-01 19:06:00,sensor_9422,44.09,79.07,71,42.513128,95.452323,27.77,Faulty
2025-01-02 14:18:00,sensor_2041,33.02,79.82,179,18.631477,-139.282414,71.97,Faulty
2025-01-03 09:36:00,sensor_7097,18.24,23.24,63,-9.67221,113.168024,6.23,Inactive
2025-01-03 09:45:00,sensor_8688,-1.75,41.24,94,69.275466,55.272529,30.52,Faulty
2025-01-01 06:26:00,sensor_3075,-6.04,70.49,241,-61.556146,34.495527,54.16,Active
2025-01-03 10:03:00,sensor_2792,46.65,18.7,116,-29.663734,97.81551,76.43,Inactive
2025-01-02 01:52:00,sensor_3947,40.12,83.2,118,-86.799433,-72.262542,65.95,Active
2025-01-02 08:25:00,sensor_8824,-3.5,73.14,196,50.977271,91.39939,49.95,Inactive
2025-01-03 04:00:00,sensor_5986,13.79,32.99,239,-40.876204,61.305252,32.3,Inactive
2025-01-01 13:02:00,sensor_6813,37.28,48.99,261,81.211982,166.10988,23.49,Faulty
2025-01-03 10:48:00,sensor_6301,18.35,63.25,376,-38.354201,111.163529,85.37,Inactive
2025-01-03 10:57:00,sensor_4932,-7.92,77.81,306,-24.817492,34.881169,30.21,Active
2025-01-02 08:50:00,sensor_4579,38.18,52.96,171,-51.14512,-151.940614,70.09,Inactive
2025-01-03 17:50:00,sensor_4674,12.8,52.94,433,14.842782,100.054537,86.68,Faulty
2025-01-02 15:36:00,sensor_3223,19.17,24.72,219,69.709336,-39.236224,25.2,Active
2025-01-01 19:51:00,sensor_3202,35.32,41.92,371,-16.966993,27.571299,85.69,Active
2025-01-02 02:32:00,sensor_8777,-3.51,62.0,484,-68.123363,122.63362,10.55,Inactive
2025-01-03 18:30:00,sensor_9465,32.33,38.36,153,-41.299403,19.597742,76.54,Inactive
2025-01-02 09:20:00,sensor_8226,38.91,57.18,25,-18.344681,-93.209077,13.27,Active
2025-01-01 06:41:00,sensor_8296,3.15,34.48,32,50.852283,154.979047,7.38,Active
2025-01-01 13:24:00,sensor_7557,6.09,32.26,224,58.834714,-156.123095,2.14,Inactive
2025-01-02 23:01:00,sensor_7355,-6.75,59.64,423,-82.634074,-107.445647,93.78,Inactive
2025-01-01 06:44:00,sensor_4699,14.19,29.56,379,-80.722248,-89.28673,56.65,Active
2025-01-02 23:15:00,sensor_9944,19.01,75.14,411,55.985663,-129.121918,61.72,Inactive
2025-01-03 19:40:00,sensor_1034,30.64,15.71,306,74.796086,104.697965,81.46,Faulty
2025-01-02 03:08:00,sensor_3194,24.93,70.06,159,-39.599512,-140.667039,49.53,Inactive
2025-01-02 16:48:00,sensor_2109,29.04,26.48,261,-7.287499,-133.306355,9.34,Inactive
2025-01-03 06:32:00,sensor_8622,26.35,76.77,228,-70.209962,130.157322,75.24,Inactive
2025-01-01 06:50:00,sensor_9813,42.23,61.03,433,-62.354215,102.582117,58.09,Faulty
2025-01-01 06:51:00,sensor_3550,49.56,34.81,150,1.687595,-91.944849,11.67,Active
2025-01-03 13:48:00,sensor_1444,49.55,71.76,258,-68.292504,-52.620296,43.51,Inactive
2025-01-01 20:39:00,sensor_8151,48.0,59.35,445,-28.328913,28.672212,8.68,Inactive
2025-01-02 03:36:00,sensor_2747,33.56,72.96,111,-83.732294,120.650216,96.35,Active
2025-01-01 06:55:00,sensor_1774,34.26,31.84,220,-32.618748,56.773937,61.22,Active
2025-01-03 21:20:00,sensor_8457,-0.96,63.87,321,-27.059749,-97.441606,47.24,Inactive
2025-01-02 17:42:00,sensor_4183,1.08,63.25,493,57.399957,162.509181,0.29,Faulty
2025-01-01 06:58:00,sensor_8152,13.37,74.71,400,65.846683,176.791078,42.79,Faulty
2025-01-01 06:59:00,sensor_1246,25.95,14.07,25,-58.13724,-54.210844,53.99,Inactive
2025-01-03 15:00:00,sensor_2071,20.84,39.33,110,-29.085802,141.963568,61.27,Faulty
2025-01-02 04:04:00,sensor_4526,7.23,38.89,353,80.13093,63.068525,24.32,Faulty
2025-01-03 08:16:00,sensor_7854,25.21,18.25,250,-70.045393,96.999812,5.05,Active
2025-01-03 01:21:00,sensor_9718,-9.38,16.6,103,61.122493,173.26413,34.15,Faulty
2025-01-03 15:36:00,sensor_1717,34.22,51.19,166,18.617564,150.294307,2.21,Inactive
2025-01-03 15:45:00,sensor_5490,41.15,70.83,344,-50.396558,3.568627,95.48,Inactive
2025-01-03 15:54:00,sensor_4536,28.33,34.09,232,-3.245241,122.207987,46.04,Active
2025-01-02 11:35:00,sensor_2639,34.82,70.99,321,57.314642,96.208661,74.89,Inactive
2025-01-02 11:40:00,sensor_6488,18.97,30.18,458,26.146851,-159.275732,22.74,Active
2025-01-03 02:03:00,sensor_8465,44.25,57.11,353,-0.252617,-174.457537,57.67,Faulty
2025-01-03 16:30:00,sensor_9585,-7.32,41.18,38,29.346967,126.618089,49.17,Inactive
2025-01-01 21:33:00,sensor_7190,25.12,20.21,123,-69.561695,64.033214,51.26,Active
2025-01-02 19:12:00,sensor_6828,47.18,33.22,13,12.535342,-50.771768,52.48,Active
2025-01-01 21:39:00,sensor_9309,5.3,47.44,114,-30.244027,-113.42039,55.98,Faulty
2025-01-01 07:14:00,sensor_6063,40.01,72.03,286,-4.377541,8.285791,12.61,Inactive
2025-01-03 10:00:00,sensor_4224,6.38,16.17,421,-51.160356,43.655911,98.97,Active
2025-01-03 17:24:00,sensor_6502,46.48,71.25,360,22.649143,44.566918,46.53,Active
2025-01-02 12:25:00,sensor_9622,42.18,15.79,420,56.102867,-10.527403,90.66,Inactive
2025-01-03 10:24:00,sensor_6887,-8.89,31.73,248,-60.437324,-166.874912,45.71,Faulty
2025-01-01 21:57:00,sensor_6295,7.41,59.9,476,37.170006,-126.751581,3.31,Faulty
2025-01-01 22:00:00,sensor_5583,48.34,32.41,14,56.649102,-21.946863,80.44,Inactive
2025-01-03 18:09:00,sensor_5174,15.51,57.9,496,59.992208,-120.479839,60.28,Faulty
2025-01-01 07:22:00,sensor_8703,-3.39,41.0,359,28.925702,19.566364,90.17,Inactive
2025-01-03 18:27:00,sensor_1829,24.53,36.41,407,-7.235188,16.298173,46.54,Faulty
2025-01-01 22:12:00,sensor_5605,49.49,32.06,185,30.862,169.216605,79.58,Active
2025-01-01 07:25:00,sensor_2133,49.7,41.72,287,0.178554,-117.931487,75.31,Faulty
2025-01-02 05:44:00,sensor_9773,31.53,62.26,465,-47.247982,90.264596,33.28,Faulty
2025-01-02 13:15:00,sensor_1988,6.21,76.46,204,-83.169142,89.353356,38.99,Active
2025-01-03 19:12:00,sensor_1212,-4.22,88.68,356,-30.943224,164.240695,38.36,Inactive
2025-01-02 05:56:00,sensor_3010,22.1,18.64,256,15.173284,-77.574571,86.01,Inactive
2025-01-03 12:00:00,sensor_5370,21.1,18.9,208,26.637366,-21.774542,11.17,Active
2025-01-04 03:10:00,sensor_6582,34.43,43.38,429,3.420897,-92.204999,22.9,Faulty
2025-01-04 03:20:00,sensor_8720,28.23,46.74,322,-5.595236,-144.2111,20.1,Faulty
2025-01-01 22:39:00,sensor_2157,46.72,17.4,498,44.881485,-122.200726,69.57,Faulty
2025-01-01 15:08:00,sensor_7830,-8.05,58.93,71,-31.663686,-157.407353,11.15,Inactive
2025-01-02 13:55:00,sensor_7246,9.79,10.92,498,46.193267,151.376886,64.61,Faulty
2025-01-03 05:12:00,sensor_5478,23.92,42.15,214,34.903299,-162.902192,51.12,Faulty
2025-01-02 21:42:00,sensor_3989,16.96,19.38,79,-57.443948,-91.408109,41.17,Faulty
2025-01-04 04:20:00,sensor_2734,24.1,54.87,255,41.963957,-72.828377,48.51,Active
2025-01-02 21:54:00,sensor_1950,1.81,31.42,92,74.019582,3.45585,30.35,Active
2025-01-01 07:40:00,sensor_8268,-7.77,59.23,55,-79.086302,-161.808616,69.32,Inactive
2025-01-03 05:47:00,sensor_2786,43.18,51.78,384,-75.501648,-170.645506,72.44,Faulty
2025-01-03 05:54:00,sensor_8122,38.14,25.37,245,1.353594,128.761965,12.75,Active
2025-01-03 06:01:00,sensor_2632,23.57,11.19,31,-23.758259,174.078491,94.04,Faulty
2025-01-02 14:40:00,sensor_9220,28.49,85.98,9,-82.695334,49.441964,36.05,Active
2025-01-01 15:30:00,sensor_9350,42.25,33.82,162,-89.263313,-96.024376,25.65,Inactive
2025-01-03 14:08:00,sensor_2055,20.97,45.84,28,-54.898505,144.614118,68.49,Active
2025-01-03 22:03:00,sensor_7449,47.23,87.55,434,3.727559,-68.510462,96.85,Inactive
2025-01-01 23:24:00,sensor_3963,35.04,39.28,346,-29.884441,132.737444,31.16,Inactive
2025-01-03 14:32:00,sensor_1927,12.41,70.01,72,8.461678,127.580632,6.15,Inactive
2025-01-02 23:00:00,sensor_1541,6.2,22.0,467,-38.884219,-157.141467,19.53,Faulty
2025-01-04 06:30:00,sensor_6251,35.96,78.7,496,-18.483843,67.876275,65.57,Faulty
2025-01-04 06:40:00,sensor_8203,29.61,40.73,362,-28.744829,-87.111461,92.61,Active
2025-01-01 07:53:00,sensor_1382,24.49,67.05,45,-56.461233,21.156351,65.66,Faulty
2025-01-03 15:12:00,sensor_5126,-5.95,56.27,391,-31.384213,121.362338,46.31,Inactive
2025-01-04 07:10:00,sensor_3541,44.59,36.53,299,38.800464,142.494346,33.24,Active
2025-01-03 15:28:00,sensor_3088,1.75,88.75,322,-14.32531,-61.325961,65.42,Faulty
2025-01-02 15:45:00,sensor_7567,-1.08,38.49,113,-19.221836,-118.179429,40.64,Active
2025-01-02 23:48:00,sensor_9092,-6.88,48.13,145,77.806264,-16.443215,45.34,Active
2025-01-02 15:55:00,sensor_6552,45.19,35.42,171,-67.847605,-154.622499,46.42,Active
2025-01-03 00:00:00,sensor_5922,40.88,53.89,403,47.239913,113.686579,13.04,Faulty
2025-01-02 08:04:00,sensor_6301,21.85,89.27,42,87.109771,65.558226,83.95,Active
2025-01-03 16:16:00,sensor_5676,49.06,24.64,454,-15.604559,-106.405603,83.31,Faulty
2025-01-03 08:21:00,sensor_1992,47.66,62.46,320,52.992284,-114.787939,37.91,Faulty
2025-01-03 16:32:00,sensor_9444,1.72,20.22,315,31.906349,-36.339904,13.03,Active
2025-01-02 00:15:00,sensor_1078,6.17,10.87,239,25.96884,165.713354,7.95,Faulty
2025-01-03 16:48:00,sensor_9191,43.61,23.42,207,-7.047865,-52.166854,48.6,Active
2025-01-01 16:14:00,sensor_9975,34.14,36.08,168,47.666635,-86.722236,53.02,Faulty
2025-01-02 16:40:00,sensor_3539,3.16,64.5,290,71.922096,109.795334,94.33,Inactive
2025-01-03 00:54:00,sensor_2143,34.5,40.34,462,83.824653,-155.190677,57.26,Faulty
2025-01-02 16:50:00,sensor_6996,12.63,67.41,172,56.775315,-88.824228,20.98,Active
2025-01-01 16:22:00,sensor_5749,33.16,65.2,44,-13.026174,-51.459521,41.52,Inactive
2025-01-03 17:36:00,sensor_6071,20.27,14.72,445,-16.543412,-168.134081,73.7,Inactive
2025-01-03 17:44:00,sensor_5727,18.34,24.7,494,69.272836,92.83364,95.22,Inactive
2025-01-02 00:42:00,sensor_3020,-9.54,49.36,2,-81.34629,-26.108763,43.18,Faulty
2025-01-03 09:45:00,sensor_2744,4.52,56.44,405,46.878148,140.025677,82.04,Faulty
2025-01-02 17:20:00,sensor_8579,6.34,64.64,60,40.19975,-129.424881,29.79,Faulty
2025-01-02 00:51:00,sensor_3139,18.03,50.75,136,-12.575096,-57.415832,16.1,Faulty
2025-01-01 16:36:00,sensor_8346,11.59,59.42,213,-39.459509,-86.404122,73.19,Faulty
2025-01-01 16:38:00,sensor_4042,40.64,28.68,12,-32.702272,-50.456039,63.59,Inactive
